{
  "song": "Al James - Schoolboy Facination.stem.mp4",
  "timestamp": "2025-06-01 05:40:36",
  "models_used": [
    "Baseline CNN",
    "Enhanced CNN",
    "Improved Baseline CNN",
    "Improved Enhanced CNN",
    "Retrained Enhanced CNN",
    "AST Regressor"
  ],
  "results": {
    "Baseline CNN": {
      "rms_change": 1.050424337387085,
      "peak_change": 1.0350199937820435,
      "parameters": [
        0.7390516400337219,
        -0.0032711252570152283,
        0.1583624631166458,
        0.5802611708641052,
        0.5356415510177612,
        0.29248782992362976,
        0.6420617699623108,
        0.10916950553655624,
        0.4639638066291809,
        0.7762010097503662
      ]
    },
    "Enhanced CNN": {
      "rms_change": 1.0820986032485962,
      "peak_change": 1.0555692911148071,
      "parameters": [
        1.0145950317382812,
        -0.033507272601127625,
        0.2391565591096878,
        0.8103561401367188,
        0.7596080899238586,
        0.4650949239730835,
        0.9021162986755371,
        0.13169410824775696,
        0.6665900945663452,
        1.071336030960083
      ]
    },
    "Improved Baseline CNN": {
      "rms_change": 0.2413463145494461,
      "peak_change": 0.2455950230360031,
      "parameters": [
        0.18978756666183472,
        -0.4370083212852478,
        -0.6822589039802551,
        0.7066679000854492,
        0.3092465400695801,
        -0.024560511112213135,
        0.7259727120399475,
        -0.059589989483356476,
        -0.19449183344841003,
        0.48029160499572754
      ]
    },
    "Improved Enhanced CNN": {
      "rms_change": 1.2843340635299683,
      "peak_change": 1.0555694103240967,
      "parameters": [
        0.9996292591094971,
        0.3026667833328247,
        0.536887526512146,
        0.6221757531166077,
        0.6082907915115356,
        0.5915765762329102,
        0.5752266049385071,
        0.1463804543018341,
        0.7189260125160217,
        0.8363631963729858
      ]
    },
    "Retrained Enhanced CNN": {
      "rms_change": 0.45701804757118225,
      "peak_change": 0.45277535915374756,
      "parameters": [
        0.4943286180496216,
        0.06828358769416809,
        0.19961346685886383,
        0.49995356798171997,
        0.4581349194049835,
        0.2101290225982666,
        0.5158149600028992,
        0.03548985347151756,
        0.34370383620262146,
        0.348277747631073
      ]
    },
    "AST Regressor": {
      "rms_change": 1.0810468196868896,
      "peak_change": 1.0555694103240967,
      "parameters": [
        0.953636109828949,
        0.0,
        0.33482499685693906,
        0.75,
        0.6814544200897217,
        0.5543723019758953,
        0.800000011920929,
        0.11390917003154755,
        0.6004474990570817,
        0.9860908389091492
      ]
    }
  },
  "processing_time": 13.455718755722046
}