{
  "Al James - Schoolboy Facination.stem_ast_regressor_mixed.wav": {
    "original": {
      "loudness": {
        "rms": 0.10779819637537003,
        "peak": 0.8885804414749146,
        "crest_factor": 8.242998123168945,
        "dynamic_range_db": 18.32170295715332
      },
      "frequency": {
        "frequencies": [
          100,
          200,
          500,
          1000,
          2000,
          4000,
          8000,
          16000
        ],
        "response_db": [
          10.86117935180664,
          8.127700805664062,
          6.3359527587890625,
          0.0,
          -4.797435760498047,
          -9.105072021484375,
          -14.306991577148438,
          -63.386871337890625
        ],
        "balance_score": 0.0070477268233684895
      },
      "spectral": {
        "centroid_hz": 2610.918987603067,
        "rolloff_hz": 5531.305522645702,
        "brightness": 1.3054594938015334
      }
    },
    "enhanced": {
      "loudness": {
        "rms": 0.11049864441156387,
        "peak": 0.949981689453125,
        "crest_factor": 8.597224235534668,
        "dynamic_range_db": 18.687164306640625
      },
      "frequency": {
        "frequencies": [
          100,
          200,
          500,
          1000,
          2000,
          4000,
          8000,
          16000
        ],
        "response_db": [
          9.21536636352539,
          8.021366119384766,
          6.333263397216797,
          0.0,
          -4.797222137451172,
          -9.104862213134766,
          -14.306774139404297,
          -64.33944702148438
        ],
        "balance_score": 0.007287491517273279
      },
      "spectral": {
        "centroid_hz": 2719.874838582252,
        "rolloff_hz": 5666.771169285471,
        "brightness": 1.359937419291126
      }
    },
    "improvement": {
      "balance_score_change": 0.00023976469390478948,
      "dynamic_range_change": 0.3654613494873047
    }
  },
  "Al James - Schoolboy Facination.stem_baseline_cnn_mixed.wav": {
    "original": {
      "loudness": {
        "rms": 0.10671409219503403,
        "peak": 0.9046629071235657,
        "crest_factor": 8.477444648742676,
        "dynamic_range_db": 18.56529998779297
      },
      "frequency": {
        "frequencies": [
          100,
          200,
          500,
          1000,
          2000,
          4000,
          8000,
          16000
        ],
        "response_db": [
          11.900787353515625,
          10.001060485839844,
          8.362800598144531,
          0.0,
          -2.996551513671875,
          -7.2475738525390625,
          -12.467193603515625,
          -61.795127868652344
        ],
        "balance_score": 0.007708263812883304
      },
      "spectral": {
        "centroid_hz": 2634.444519717878,
        "rolloff_hz": 5533.380606194226,
        "brightness": 1.317222259858939
      }
    },
    "enhanced": {
      "loudness": {
        "rms": 0.10991222411394119,
        "peak": 0.949981689453125,
        "crest_factor": 8.64309310913086,
        "dynamic_range_db": 18.733383178710938
      },
      "frequency": {
        "frequencies": [
          100,
          200,
          500,
          1000,
          2000,
          4000,
          8000,
          16000
        ],
        "response_db": [
          10.248588562011719,
          9.895462036132812,
          8.360118865966797,
          0.0,
          -2.996307373046875,
          -7.247337341308594,
          -12.466934204101562,
          -62.66914367675781
        ],
        "balance_score": 0.00799854601078932
      },
      "spectral": {
        "centroid_hz": 2731.676227024818,
        "rolloff_hz": 5650.0319956213425,
        "brightness": 1.3658381135124091
      }
    },
    "improvement": {
      "balance_score_change": 0.0002902821979060156,
      "dynamic_range_change": 0.16808319091796875
    }
  },
  "Al James - Schoolboy Facination.stem_improved_baseline_cnn_mixed.wav": {
    "original": {
      "loudness": {
        "rms": 0.026331817731261253,
        "peak": 0.22054657340049744,
        "crest_factor": 8.375665664672852,
        "dynamic_range_db": 18.460386276245117
      },
      "frequency": {
        "frequencies": [
          100,
          200,
          500,
          1000,
          2000,
          4000,
          8000,
          16000
        ],
        "response_db": [
          10.33559799194336,
          8.27206802368164,
          6.675285339355469,
          0.0,
          -4.587455749511719,
          -8.845458984375,
          -14.112754821777344,
          -51.169342041015625
        ],
        "balance_score": 0.012075438207177425
      },
      "spectral": {
        "centroid_hz": 2598.7647329877163,
        "rolloff_hz": 5456.050989385648,
        "brightness": 1.2993823664938582
      }
    },
    "enhanced": {
      "loudness": {
        "rms": 0.049047257751226425,
        "peak": 0.433074951171875,
        "crest_factor": 8.82974624633789,
        "dynamic_range_db": 18.918964385986328
      },
      "frequency": {
        "frequencies": [
          100,
          200,
          500,
          1000,
          2000,
          4000,
          8000,
          16000
        ],
        "response_db": [
          8.691490173339844,
          8.16641616821289,
          6.672603607177734,
          0.0,
          -4.5872650146484375,
          -8.845390319824219,
          -14.113265991210938,
          -57.174644470214844
        ],
        "balance_score": 0.010114403087660935
      },
      "spectral": {
        "centroid_hz": 2696.8900485360914,
        "rolloff_hz": 5574.500451809411,
        "brightness": 1.3484450242680457
      }
    },
    "improvement": {
      "balance_score_change": -0.0019610351195164903,
      "dynamic_range_change": 0.45857810974121094
    }
  }
}